{"cameraMode":{"drawMode":0,"name":"Shaded","section":"Shading Mode"},"sceneLighting":true,"audioPlay":false,"sceneViewState":{"showFog":true,"showMaterialUpdate":false,"showSkybox":true,"showFlares":true,"showImageEffects":true,"showParticleSystems":true},"in2DMode":false,"pivot":{"x":-0.09709999710321427,"y":0.03620000183582306,"z":-0.0009999996982514859},"rotation":{"x":0.033290740102529529,"y":-0.028486261144280435,"z":0.0009367038146592677,"w":0.9990698099136353},"size":7.182363986968994,"orthographic":false}