{"cameraMode":{"drawMode":0,"name":"Shaded","section":"Shading Mode"},"sceneLighting":false,"audioPlay":false,"sceneViewState":{"showFog":true,"showMaterialUpdate":false,"showSkybox":false,"showFlares":true,"showImageEffects":true,"showParticleSystems":true},"in2DMode":false,"pivot":{"x":0.0,"y":-0.016894837841391565,"z":-0.01590000092983246},"rotation":{"x":0.033290740102529529,"y":-0.028486261144280435,"z":0.0009367038146592677,"w":0.9990698099136353},"size":0.03301602602005005,"orthographic":false}